{
  "app_cache_timeout": 0,
  "keysize": 2048,
  "log_level": "INFO",
  "max_cache_lifetime": 86400,
  "garbage_collector_interval": 1,
  "bigfix_servers": [
    {
        "url": "https://10.10.220.60:52311",
        "username": "IEMAdmin",
        "password": "BigFix!123",
        "maxage": 300,
        "poolsize": 4
      },
      {
        "url": "https://10.10.220.59:52311",
        "username": "IEMAdmin",
        "password": "BigFix!123",
        "maxage": 300,
        "poolsize": 6
      }
    ],
  "listen_port": 17967,
  "cert_path": "./bem-cert.pem",
  "key_path": "./bem-key.pem",
  "registration_dir": "./registrations",
  "requests_dir": "./requests",
  "log_to_file": true,
  "log_file_path": "./logs/bem.log",
  "log_max_size_mb": 50,
  "log_max_backups": 10,
  "log_max_age_days": 30,
  "log_compress": true,
  "log_to_console": true
}
